case,hit_time_mean,hit_time_std,hit_time_range,max_miss,mean_miss,min_trust_link_0_1,min_trust_link_0_3
No attack,30.752,1.0329453034890086,2.8200000000000003,13.960931396238914,12.41812518269363,0.9902631684531036,0.9933957783423577
Hybrid attack without defense,30.812,1.0437317663077994,3.099999999999998,14.463934798996203,12.708779246659478,1.0,1.0
Hybrid attack with proposed defense,31.412,0.8660346413394783,2.4399999999999977,14.749500946541442,11.77805293534724,0.040064945061871166,0.09198999298092435